drawdate,sales,n1,n2,n3,n4,n5,winners_5,winners_4,winners_3,winners_2,prize_5,prize_4,prize_3,prize_2
2012-01-02,246830,14,18,21,24,30,1,81,2713,27198,27711,154,11,2
2012-01-03,226846,7,16,21,26,29,0,88,2521,26425,0,401,10,2
2012-01-04,225591,1,6,19,33,36,2,67,2379,24302,12886,174,11,2
2012-01-05,229875,2,16,22,24,29,3,86,2568,25912,8446,132,11,2
2012-01-06,244028,14,27,28,29,37,1,83,2708,27552,26867,146,10,2
2012-01-07,237744,12,13,17,24,34,0,85,2745,27211,0,442,10,2
2012-01-09,243835,7,11,25,31,37,1,114,3233,29360,25373,100,8,2
2012-01-10,218622,6,7,11,32,35,0,62,2436,25901,0,540,10,2
2012-01-11,219709,2,14,17,18,34,0,74,2365,24522,0,478,11,2
2012-01-12,220493,11,13,20,23,28,0,78,2581,25679,0,440,9,2
2012-01-13,245489,2,9,27,28,30,1,80,2805,27351,27319,154,10,2
2012-01-14,239027,18,25,28,29,32,0,71,2687,26395,0,547,11,2
2012-01-16,245184,2,7,8,24,36,1,78,2711,28314,26484,153,10,2
2012-01-17,212574,1,18,25,28,37,0,86,2446,23974,0,395,10,2
2012-01-18,215665,1,14,17,21,35,1,77,2282,23275,24604,144,11,2
2012-01-19,221020,9,10,12,29,37,0,78,2696,26417,0,430,9,2
2012-01-20,235428,9,11,14,26,32,0,79,2562,26182,0,482,10,2
2012-01-21,232630,1,4,5,20,35,1,93,2626,25806,25978,126,11,2
2012-01-23,243811,4,11,24,36,37,0,75,2703,27662,0,517,10,2
2012-01-24,208682,6,23,25,27,31,0,86,2269,22799,0,398,11,2
2012-01-25,207100,4,6,16,19,30,0,79,2261,23038,0,423,11,2
2012-01-26,221806,16,20,24,30,31,1,68,2302,23368,25763,171,11,2
2012-01-27,231270,6,13,17,23,32,0,91,2569,26312,0,403,10,2
2012-01-28,229473,1,3,14,15,25,1,96,2610,26744,24591,115,10,2
2012-01-30,243261,2,19,20,21,23,0,81,2732,27533,0,479,10,2
2012-01-31,214640,7,8,14,29,36,0,57,2258,24484,0,596,11,2
2012-02-01,228716,3,4,16,26,32,0,63,2329,24667,0,601,12,2
2012-02-02,235854,16,18,24,30,34,0,74,2398,25873,0,521,11,2
2012-02-03,249582,14,20,23,34,35,1,87,2493,26984,28435,147,12,2
2012-02-04,246607,14,24,25,30,37,1,78,2596,27696,27266,157,11,2
2012-02-06,251729,8,10,16,18,37,2,92,2910,29397,13464,132,10,2
2012-02-07,223526,2,12,18,19,35,0,80,2541,25527,0,442,10,2
2012-02-08,225896,6,8,18,25,30,0,73,2645,25698,0,491,9,2
2012-02-09,228131,14,20,23,25,32,1,75,2448,24923,25784,155,11,2
2012-02-10,239381,8,14,16,26,31,0,77,2599,25971,0,512,11,2
2012-02-11,239450,7,11,12,23,24,3,99,3224,30352,7898,108,8,2
2012-02-13,239493,2,7,15,22,35,0,94,2720,27760,0,398,10,2
2012-02-14,217996,4,21,24,36,37,0,65,2218,24521,0,537,11,2
2012-02-15,221772,1,7,10,33,37,0,78,2799,26649,0,430,9,2
2012-02-16,229038,3,11,21,23,24,0,103,3034,27434,0,337,8,2
2012-02-17,241453,3,17,29,32,37,1,83,2768,27918,26053,142,10,2
2012-02-18,233190,4,5,8,22,36,2,71,2585,26679,12695,161,10,2
2012-02-20,238115,3,18,25,26,35,0,87,2492,26446,0,442,11,2
2012-02-21,217111,2,4,10,26,37,0,75,2645,25520,0,447,9,2
2012-02-22,214839,5,12,19,35,36,1,58,2386,23947,23899,186,10,2
2012-02-23,223561,2,25,26,33,34,0,66,2427,24006,0,562,11,2
2012-02-24,234740,9,20,26,34,35,0,66,2314,25115,0,593,13,2
2012-02-25,235018,10,16,24,29,36,0,85,2426,25393,0,457,11,2
2012-02-27,237683,7,14,16,18,19,0,93,2835,28156,0,391,9,2
2012-02-28,213946,1,3,4,9,13,0,120,3010,25673,0,270,8,2
2012-02-29,218098,4,10,16,20,34,0,84,2449,24065,0,423,10,2
2012-03-01,233081,21,22,27,32,33,1,75,2419,25088,26645,160,12,2
2012-03-02,246676,8,9,15,23,32,0,70,2691,28015,0,559,10,2
2012-03-03,243369,9,27,28,34,36,0,75,2546,26304,0,537,12,2
2012-03-05,247410,1,8,11,27,31,1,109,2914,28260,26974,111,9,2
2012-03-06,218464,3,5,9,13,23,0,139,3492,26954,0,232,7,2
2012-03-07,219320,5,6,7,10,36,0,80,2604,26221,0,416,9,2
2012-03-08,224460,2,21,23,32,34,1,92,2588,24760,25178,124,10,2
2012-03-09,230969,7,8,10,11,12,3,116,3401,30964,7167,83,7,2
2012-03-10,234103,9,11,18,20,36,0,65,2595,26649,0,572,10,2
2012-03-12,234387,1,12,22,28,34,0,81,2485,25748,0,472,11,2
2012-03-13,212628,3,18,29,32,35,2,78,2118,23107,12065,139,12,2
2012-03-14,210746,17,25,27,29,30,2,97,2479,23704,11636,108,9,2
2012-03-15,219679,7,19,26,27,29,0,95,2744,25925,0,356,9,2
2012-03-16,228068,7,10,12,18,29,2,112,3030,27943,11673,93,8,2
2012-03-17,225476,7,13,15,16,19,0,77,2750,26692,0,450,9,2
2012-03-19,232712,3,9,14,15,20,2,81,2645,27134,12464,138,10,2
2012-03-20,208328,4,23,32,33,34,0,74,2352,22497,0,466,11,2
2012-03-21,210471,1,11,17,35,37,1,83,2636,24873,22279,121,8,2
2012-03-22,215420,13,15,16,27,35,0,58,2264,22903,0,621,12,2
2012-03-23,224937,1,7,8,21,29,1,101,2949,27857,22786,102,8,2
2012-03-24,218867,5,21,22,29,35,0,68,2330,24505,0,517,11,2
2012-03-26,221805,12,15,16,25,30,0,60,2419,24745,0,596,10,2
2012-03-27,217457,3,8,18,22,33,0,107,2575,25067,0,319,10,2
2012-03-28,203890,3,9,21,22,23,0,94,2597,24777,0,324,8,2
2012-03-29,215586,7,10,21,22,24,1,84,2742,26765,21786,117,9,2
2012-03-30,263037,2,3,7,15,18,0,99,3409,33149,0,384,8,2
2012-03-31,220298,2,15,20,22,26,0,51,2312,24024,0,709,11,2
2012-04-02,234043,4,8,15,22,31,1,81,2637,26276,25884,144,10,2
2012-04-03,218160,3,5,16,24,27,0,74,2483,25700,0,454,10,2
2012-04-04,218251,6,10,15,29,30,0,74,2442,24844,0,467,10,2
2012-04-05,225767,5,9,22,28,29,0,90,2749,27040,0,381,9,2
2012-04-06,232612,11,12,13,16,29,0,100,2727,26534,0,368,9,2
2012-04-07,229769,10,24,25,28,36,0,56,2294,24924,0,676,12,2
2012-04-09,226630,2,6,9,13,25,0,99,2898,26736,0,352,9,2
2012-04-10,211310,6,8,23,27,29,0,84,2415,24902,0,387,10,2
2012-04-11,211958,1,8,16,29,32,1,64,2293,23057,24035,170,11,2
2012-04-12,217487,1,8,13,31,32,0,69,2264,23539,0,520,11,2
2012-04-13,236343,5,14,21,27,36,0,81,2388,25454,0,483,12,2
2012-04-14,228800,5,24,25,26,30,0,79,2458,24998,0,475,11,2
2012-04-16,229791,1,27,28,29,37,2,85,2686,26171,12557,133,9,2
2012-04-17,210260,13,25,31,36,37,1,63,2275,22415,24211,174,12,2
2012-04-18,210874,13,14,28,33,37,1,58,2300,23438,23512,182,10,2
2012-04-19,216004,21,26,29,32,37,1,92,2388,24071,24034,117,11,2
2012-04-20,225785,3,6,7,16,18,1,90,2820,27642,23130,116,8,2
2012-04-21,220489,6,10,13,17,28,0,90,2675,25850,0,379,9,2
2012-04-23,223180,5,10,18,34,36,1,71,2288,24663,24998,159,12,2
2012-04-24,203046,5,10,20,28,30,0,112,2611,22893,0,289,9,2
2012-04-25,204449,11,14,15,25,36,0,61,1981,22141,0,554,12,2
2012-04-26,210981,19,24,32,33,36,0,72,2130,22000,0,498,12,2
2012-04-27,222514,2,4,7,13,36,0,79,2618,26471,0,429,9,2
2012-04-28,220247,4,15,24,35,37,1,72,2274,24516,24528,154,12,2
2012-04-30,223138,4,7,35,36,37,1,110,3057,25911,23988,98,8,2
2012-05-01,213719,12,28,33,34,36,0,69,2313,22823,0,517,11,2
2012-05-02,213153,1,21,22,25,34,1,63,2087,22900,24401,174,12,2
2012-05-03,219280,5,13,27,31,37,1,76,2562,25327,23683,140,10,2
2012-05-04,228376,3,13,26,29,34,0,76,2520,25731,0,481,10,2
2012-05-05,222700,6,8,20,24,35,0,71,2297,24826,0,506,11,2
2012-05-07,224010,20,24,27,30,33,3,68,2296,23942,8581,171,12,2
2012-05-08,204870,3,4,10,15,25,0,77,2626,24395,0,405,8,2
2012-05-09,207068,3,9,12,25,27,0,98,2758,25196,0,316,8,2
2012-05-10,213490,6,10,11,32,33,2,65,2136,24270,11684,162,12,2
2012-05-11,222429,1,14,25,29,30,1,65,2148,23546,25746,178,12,2
2012-05-12,217815,1,14,15,29,36,0,67,2154,22774,0,551,13,2
2012-05-14,216409,1,3,4,15,24,1,89,2796,25107,23283,118,8,2
2012-05-15,204110,6,9,10,15,32,0,67,2351,23805,0,473,10,2
2012-05-16,204427,4,6,17,20,26,0,87,2209,22674,0,380,11,2
2012-05-17,209185,11,16,30,32,35,0,39,1941,21924,0,908,13,2
2012-05-18,221517,4,6,10,14,30,1,100,2759,25547,23955,108,9,2
2012-05-19,216032,5,6,7,19,22,1,93,2816,26548,22050,107,8,2
2012-05-21,216349,3,6,29,32,36,0,55,2283,23718,0,643,11,2
2012-05-22,198918,4,8,15,25,26,1,88,2328,23123,21365,109,10,2
2012-05-23,199548,7,10,26,32,33,1,56,2017,22205,22228,179,11,2
2012-05-24,203584,3,9,11,22,33,1,109,2619,24071,21541,89,9,2
2012-05-25,216513,1,12,20,32,37,0,75,2185,23657,0,473,11,2
2012-05-26,209523,3,6,15,20,23,1,84,2450,24701,22226,119,10,2
2012-05-28,186212,5,20,22,29,34,0,68,1866,20866,0,440,11,2
2012-05-29,190324,2,5,8,17,22,1,91,2432,23391,19424,96,8,2
2012-05-30,190999,4,7,15,31,36,1,59,2044,21682,20932,160,11,2
2012-05-31,202186,14,16,26,27,29,0,68,2186,22321,0,483,11,2
2012-06-01,225657,8,10,23,26,33,0,79,2445,25754,0,452,10,2
2012-06-02,222422,2,10,13,22,29,1,99,2541,26590,23299,106,10,2
2012-06-04,218422,8,13,21,24,32,1,89,2479,24600,24094,122,10,2
2012-06-05,198988,2,19,25,31,37,0,48,2119,22316,0,666,11,2
2012-06-06,195940,18,19,29,34,35,0,80,2023,21653,0,398,11,2
2012-06-07,203542,21,27,29,33,34,2,120,2461,22439,11421,85,10,2
2012-06-08,217389,2,3,14,19,20,1,88,2351,25185,23417,121,10,2
2012-06-09,211661,10,11,13,17,23,0,82,2794,25886,0,384,8,2
2012-06-11,207460,2,17,20,32,34,0,71,2064,22507,0,481,12,2
2012-06-12,190801,9,13,16,19,33,0,67,2167,22120,0,445,10,2
2012-06-13,194881,2,23,27,29,35,3,61,2225,21807,7203,159,10,2
2012-06-14,196314,18,21,27,28,32,0,70,2151,21805,0,454,11,2
2012-06-15,211585,1,9,14,21,24,0,72,2577,24260,0,463,9,2
2012-06-16,210276,5,6,17,19,31,1,66,2372,24376,22638,155,10,2
2012-06-18,208064,11,13,22,26,27,0,65,2241,24055,0,501,10,2
2012-06-19,191202,1,7,19,28,37,0,84,2213,22897,0,345,10,2
2012-06-20,195882,7,10,20,24,35,0,55,2163,22887,0,552,10,2
2012-06-21,198443,20,22,25,33,35,1,73,2012,21312,22723,140,12,2
2012-06-22,210701,10,11,22,25,29,0,75,2561,25263,0,426,9,2
2012-06-23,210112,1,4,15,34,35,0,42,2089,22584,0,831,12,2
2012-06-25,207098,5,8,17,23,29,2,91,2614,24703,10869,107,8,2
2012-06-26,187166,12,18,26,36,37,0,64,2133,20684,0,476,11,2
2012-06-27,190192,5,16,20,21,37,0,64,1965,21436,0,475,11,2
2012-06-28,197386,14,17,24,25,36,0,67,2086,21473,0,484,11,2
2012-06-29,214379,10,11,24,27,35,0,69,2295,24596,0,490,10,2
2012-06-30,215330,16,18,20,23,26,0,62,2354,23290,0,573,11,2
2012-07-02,218138,1,9,19,23,27,1,81,2644,25594,23239,129,9,2
2012-07-03,205131,13,15,19,28,30,0,72,2234,23031,0,457,11,2
2012-07-04,181731,3,14,16,28,36,0,50,1810,19195,0,612,12,2
2012-07-05,201887,1,8,13,31,36,0,68,1976,21832,0,490,12,2
2012-07-06,214442,23,24,27,31,35,0,60,2297,23305,0,589,11,2
2012-07-07,213798,4,9,11,21,22,1,105,2829,25980,22058,94,8,2
2012-07-09,213019,9,11,21,25,34,0,75,2546,24740,0,443,10,2
2012-07-10,193302,10,15,30,34,35,0,51,2132,20842,0,628,10,2
2012-07-11,198105,12,14,21,24,29,1,88,2253,23503,20896,107,10,2
2012-07-12,199176,8,9,19,32,34,1,53,2135,22788,21686,184,11,2
2012-07-13,215109,2,20,21,33,36,1,60,2233,22937,24765,186,11,2
2012-07-14,211301,2,5,16,24,25,0,69,2419,24179,0,484,10,2
2012-07-16,211227,11,26,28,33,37,0,80,2304,23948,0,420,10,2
2012-07-17,192182,2,22,26,27,32,0,51,2027,20858,0,621,12,2
2012-07-18,194531,18,20,23,27,34,0,68,2068,21285,0,468,11,2
2012-07-19,197330,13,15,16,17,30,0,86,2172,21596,0,375,11,2
2012-07-20,209623,4,7,26,27,32,2,55,2374,23711,11520,190,10,2
2012-07-21,207006,2,8,9,12,36,0,72,2491,24448,0,441,9,2
2012-07-23,204241,2,4,6,23,33,1,72,2518,23405,22207,139,9,2
2012-07-24,187926,8,11,21,24,37,2,74,2276,23022,9619,117,9,2
2012-07-25,190738,9,17,20,27,36,1,83,2026,21315,21176,115,11,2
2012-07-26,192121,3,10,25,26,28,0,88,2280,22514,0,338,9,2
2012-07-27,204386,3,8,11,16,20,1,90,2548,24149,21638,108,9,2
2012-07-28,204208,3,6,9,11,14,1,112,2935,25066,20867,84,7,2
2012-07-30,202791,5,6,16,32,37,2,52,2133,21964,11536,200,12,2
2012-07-31,189814,5,6,16,18,33,1,72,2063,20940,21292,133,10,2
2012-08-01,198870,8,13,30,31,36,0,77,2000,21219,0,431,12,2
2012-08-02,200355,5,8,9,11,12,2,114,3189,26472,9482,75,6,2
2012-08-03,217807,3,20,27,29,36,0,70,2304,23979,0,507,12,2
2012-08-04,212691,7,11,18,23,27,0,114,3039,26723,0,270,7,2
2012-08-06,211276,3,7,17,24,28,1,106,2638,25979,21552,91,8,2
2012-08-07,191407,8,9,13,19,29,0,84,2559,23385,0,340,8,2
2012-08-08,195611,2,24,28,33,36,0,51,1998,20610,0,646,12,2
2012-08-09,197736,10,11,17,18,32,0,63,2230,22769,0,493,10,2
2012-08-10,206248,3,14,15,24,28,1,76,2324,23293,22700,134,10,2
2012-08-11,206171,3,4,12,18,36,0,76,2236,23614,0,428,11,2
2012-08-13,205501,5,7,12,25,37,1,93,2642,25760,20569,100,8,2
2012-08-14,184945,10,15,19,31,33,0,49,1964,20450,0,613,11,2
2012-08-15,198638,21,26,27,28,29,3,158,2267,21638,7500,64,10,2
2012-08-16,191769,6,8,28,33,37,0,67,2123,22021,0,451,11,2
2012-08-17,208305,5,6,22,24,35,1,63,2171,23588,22876,163,11,2
2012-08-18,206707,9,11,16,26,33,1,72,2308,23533,22599,142,10,2
2012-08-20,204099,7,18,19,33,36,1,81,2137,22798,22666,126,11,2
2012-08-21,188746,1,3,14,29,36,0,52,1878,20955,0,587,11,2
2012-08-22,190520,1,4,7,8,15,1,112,2650,23685,19227,77,8,2
2012-08-23,194710,2,21,27,29,33,0,119,2451,21775,0,263,9,2
2012-08-24,206599,1,7,21,26,30,0,67,2327,23726,0,486,10,2
2012-08-25,204134,2,5,6,27,35,0,61,2206,23355,0,529,10,2
2012-08-27,200908,3,6,10,28,36,0,72,2396,23182,0,437,10,2
2012-08-28,185401,14,19,22,26,29,0,57,2043,20254,0,534,11,2
2012-08-29,184871,3,9,10,32,35,0,59,1944,21167,0,494,10,2
2012-08-30,193781,3,7,17,19,27,0,108,2917,24415,0,259,7,2
2012-08-31,217596,1,5,17,19,21,1,103,2658,26004,22801,100,9,2
2012-09-01,214880,11,18,19,33,36,0,61,2270,23921,0,569,11,2
2012-09-03,195234,6,7,19,22,24,0,69,2313,23622,0,425,9,2
2012-09-04,191201,4,6,14,16,33,1,70,2035,20999,21521,138,11,2
2012-09-05,192835,2,20,22,30,33,1,65,2010,20221,22474,156,12,2
2012-09-06,194603,6,29,32,33,35,0,66,2051,20810,0,491,11,2
2012-09-07,207549,5,9,20,30,32,0,67,2250,23437,0,495,11,2
2012-09-08,205297,5,7,8,16,37,1,69,2557,25698,20577,134,8,2
2012-09-10,195520,1,21,29,35,36,0,54,1980,20646,0,609,12,2
2012-09-11,178302,16,17,18,24,34,3,70,1912,18967,6854,132,11,2
2012-09-12,177773,5,15,16,22,29,0,63,2070,20186,0,449,10,2
2012-09-13,180504,17,21,23,26,29,1,62,2262,20560,19726,143,9,2
2012-09-14,195619,1,6,8,14,25,0,73,2332,22433,0,422,9,2
2012-09-15,193589,1,3,7,21,26,0,77,2703,23905,0,371,8,2
2012-09-17,189746,2,6,20,25,33,0,65,1942,21864,0,458,11,2
2012-09-18,174203,1,19,33,34,35,0,67,1955,18248,0,440,11,2
2012-09-19,175497,8,13,16,33,37,0,58,1996,20185,0,475,10,2
2012-09-20,178023,2,4,9,15,36,0,55,1890,20210,0,515,11,2
2012-09-21,188553,4,21,23,24,31,0,49,2043,20820,0,626,10,2
2012-09-22,186104,8,9,23,33,35,0,59,2013,21796,0,488,11,2
2012-09-24,182865,13,18,32,33,34,0,65,2036,19753,0,465,10,2
2012-09-25,170072,7,12,25,32,37,0,65,2015,20031,0,403,10,2
2012-09-26,174117,5,19,30,31,34,0,66,1747,18504,0,441,11,2
2012-09-27,177280,8,11,16,17,35,1,43,1933,20698,18968,199,11,2
2012-09-28,188430,6,14,18,19,20,0,82,2156,20790,0,374,10,2
2012-09-29,188187,11,14,19,25,32,1,59,1842,20869,21020,160,12,2
2012-10-01,194260,3,15,20,28,36,0,64,1952,21119,0,500,11,2
2012-10-02,177358,16,30,32,36,37,0,77,1833,18047,0,397,12,2
2012-10-03,182314,1,3,12,16,22,1,71,2040,21429,19392,123,10,2
2012-10-04,181185,3,11,12,16,35,0,58,2074,20847,0,491,10,2
2012-10-05,191980,2,14,29,31,32,0,56,1904,20340,0,576,12,2
2012-10-06,192136,2,8,17,20,22,0,82,2304,22474,0,363,9,2
2012-10-08,181722,2,9,16,29,32,1,87,2059,20481,20034,103,11,2
2012-10-09,169949,7,17,26,30,34,0,66,1876,19080,0,414,10,2
2012-10-10,174734,1,11,19,20,26,1,62,1991,19715,19246,139,10,2
2012-10-11,176606,3,4,18,23,31,2,55,1960,19893,9740,160,10,2
2012-10-12,186539,16,17,21,27,37,0,62,2193,21111,0,479,10,2
2012-10-13,187299,6,11,12,15,24,0,78,2439,22186,0,368,8,2
2012-10-15,183629,3,11,12,14,28,2,56,2346,22093,9561,154,9,2
2012-10-16,168242,7,10,15,19,24,0,52,2148,20568,0,481,8,2
2012-10-17,172238,12,14,20,23,24,0,51,1996,19682,0,534,10,2
2012-10-18,175879,4,11,14,16,33,0,51,1968,19916,0,550,10,2
2012-10-19,186134,12,17,19,21,36,0,55,2037,21046,0,539,11,2
2012-10-20,188358,3,16,31,33,35,0,56,2112,20056,0,562,11,2
2012-10-22,185023,4,10,20,30,34,2,80,2137,19734,10648,120,10,2
2012-10-23,169336,4,8,20,22,32,0,47,1892,19274,0,572,10,2
2012-10-24,170686,10,12,19,23,27,0,82,2230,20439,0,315,8,2
2012-10-25,174943,7,22,23,25,34,0,54,1981,20014,0,513,11,2
2012-10-26,183552,3,18,22,30,37,1,54,1832,20463,20416,170,11,2
2012-10-27,182865,1,2,11,15,37,0,62,2098,21747,0,450,10,2
2012-10-29,177319,3,23,24,29,30,2,53,1838,20300,9647,164,11,2
2012-10-30,164908,18,21,29,35,36,0,45,1562,17492,0,614,12,2
2012-10-31,167623,1,7,8,23,34,0,68,1956,19863,0,378,9,2
2012-11-01,179055,8,10,20,32,34,2,67,1858,20079,9910,133,12,2
2012-11-02,191932,9,10,16,20,21,0,80,2178,22747,0,367,9,2
2012-11-03,194309,2,5,28,31,33,0,66,2043,21686,0,475,11,2
2012-11-05,188984,4,11,12,15,26,1,70,2252,22072,20214,130,10,2
2012-11-06,173142,4,9,13,21,23,1,59,2201,20742,18103,138,8,2
2012-11-07,171248,5,10,12,23,31,1,82,2142,20162,18188,100,9,2
2012-11-08,175566,1,11,13,16,20,0,59,2064,20436,0,463,10,2
2012-11-09,187272,6,24,28,32,36,0,91,1960,19648,0,348,11,2
2012-11-10,190209,4,8,19,20,33,0,63,2144,22148,0,469,10,2
2012-11-12,176408,2,26,27,33,35,2,51,1809,18959,10094,179,12,2
2012-11-13,166842,8,18,21,24,27,0,63,1940,19145,0,417,9,2
2012-11-14,171177,3,5,11,25,32,0,63,2179,20706,0,408,9,2
2012-11-15,174101,2,3,4,13,19,0,60,2238,21139,0,435,8,2
2012-11-16,183521,16,22,32,33,35,1,51,1989,19077,21523,190,11,2
2012-11-17,186122,10,22,28,29,32,0,47,2012,20395,0,647,11,2
2012-11-19,181868,8,11,16,17,24,3,75,2271,21830,6326,114,9,2
2012-11-20,167691,7,10,16,22,27,0,76,2086,19980,0,336,9,2
2012-11-21,182140,13,16,25,31,32,0,46,1809,18928,0,674,12,2
2012-11-22,137467,2,9,14,24,34,0,59,1780,15523,0,372,9,2
2012-11-23,173556,3,13,27,34,37,0,66,2035,20046,0,412,9,2
2012-11-24,183288,1,2,4,8,34,1,83,2436,20971,19955,108,9,2
2012-11-26,178405,1,9,17,25,33,0,69,1925,20064,0,414,10,2
2012-11-27,164455,3,9,28,34,37,0,56,1927,19150,0,457,10,2
2012-11-28,179537,1,18,25,30,31,1,46,1715,18760,20977,206,13,2
2012-11-29,167502,5,18,27,29,35,0,49,1942,18827,0,548,10,2
2012-11-30,192276,10,21,25,32,34,0,52,1919,20782,0,611,12,2
2012-12-01,199477,8,12,28,31,36,2,63,2187,21945,11211,160,10,2
2012-12-03,199495,6,12,14,29,37,1,66,2257,22695,21825,149,10,2
2012-12-04,179640,2,16,24,36,37,0,56,1964,19458,0,529,11,2
2012-12-05,181779,1,2,19,22,32,0,47,1909,19943,0,632,11,2
2012-12-06,184078,4,16,23,26,33,1,57,2100,20485,20504,162,10,2
2012-12-07,193301,4,26,30,33,36,0,54,1890,19546,0,621,13,2
2012-12-08,194973,1,3,9,11,30,0,79,2694,23861,0,367,8,2
2012-12-10,187211,5,6,19,30,31,0,62,1973,20814,0,488,11,2
2012-12-11,170423,13,22,23,27,32,2,74,1922,18923,9508,115,10,2
2012-12-12,185077,3,14,17,19,24,1,85,2291,21579,19827,105,9,2
2012-12-13,181460,11,15,24,26,27,0,56,1934,20707,0,514,11,2
2012-12-14,188639,3,7,10,22,37,0,91,2541,23736,0,299,7,2
2012-12-15,191107,10,26,28,29,36,0,54,1982,20215,0,595,12,2
2012-12-17,191900,15,17,20,21,30,0,58,2198,21411,0,534,10,2
2012-12-18,174690,2,16,24,30,37,0,79,1741,19190,0,361,12,2
2012-12-19,178891,2,5,12,21,33,1,95,2225,20942,19095,90,9,2
2012-12-20,176845,7,17,24,34,35,0,85,2132,20387,0,327,9,2
2012-12-21,189723,2,17,22,27,37,2,113,2306,21518,10403,82,10,2
2012-12-22,193592,4,13,17,21,37,1,74,2262,22386,20889,128,9,2
2012-12-24,205591,18,31,33,34,35,1,155,2333,20878,24507,71,11,2
2012-12-25,122076,7,8,18,19,23,0,46,1572,15477,0,382,9,2
2012-12-26,166606,4,6,16,29,30,0,39,1739,18242,0,699,11,2
2012-12-27,173115,4,6,18,21,29,1,75,1970,19726,18912,113,10,2
2012-12-28,184779,15,19,24,26,37,0,73,1932,20439,0,411,11,2
2012-12-29,190424,1,7,16,28,37,1,76,2225,22693,20005,119,9,2
2012-12-31,216521,8,12,21,28,35,0,62,2552,24618,0,554,10,2
2013-01-01,146919,6,12,14,17,29,0,62,1698,17035,0,370,10,2
2013-01-02,173625,16,17,20,26,37,0,50,1814,19270,0,562,11,2
2013-01-03,184168,16,18,28,30,33,0,45,1930,19832,0,679,11,2
2013-01-04,190407,10,20,30,31,35,0,112,2180,19763,0,289,11,2
2013-01-05,189366,7,13,20,25,30,0,64,2286,21750,0,466,9,2
2013-01-07,190593,12,22,23,25,34,0,46,2056,21264,0,669,11,2
2013-01-08,169078,1,6,7,28,30,2,61,1905,19473,9152,135,10,2
2013-01-09,167431,11,17,21,26,37,0,60,2131,19729,0,429,8,2
2013-01-10,179224,8,17,20,25,34,2,59,1914,19961,9975,152,11,2
2013-01-11,186947,16,18,23,28,36,1,52,2054,19790,21638,188,11,2
2013-01-12,185377,11,12,15,23,33,0,62,2178,21572,0,465,10,2
2013-01-14,182718,5,6,22,27,34,1,46,1889,20152,20498,201,11,2
2013-01-15,165808,6,11,16,32,35,1,49,1581,17966,18859,173,13,2
2013-01-16,172228,2,15,17,30,33,0,45,1745,18944,0,625,11,2
2013-01-17,174897,7,11,24,29,30,0,78,2077,21295,0,334,9,2
2013-01-18,184292,11,14,21,27,34,0,61,2118,21278,0,474,10,2
2013-01-19,189886,13,17,18,24,27,1,72,2321,22178,20310,127,9,2
2013-01-21,176316,2,15,16,33,37,2,69,1961,19575,9838,128,10,2
2013-01-22,166174,20,32,33,34,37,0,117,2112,17183,0,243,10,2
2013-01-23,170566,8,13,16,20,30,0,78,1883,19114,0,351,10,2
2013-01-24,171944,1,15,21,31,33,0,62,1819,18448,0,461,12,2
2013-01-25,180164,15,29,30,31,32,0,63,1763,18580,0,489,12,2
2013-01-26,183255,1,11,20,21,34,0,71,2073,20504,0,415,10,2
2013-01-28,181132,2,4,11,19,32,0,62,2053,21397,0,449,10,2
2013-01-29,160956,10,15,30,32,33,0,48,1786,17295,0,557,11,2
2013-01-30,165875,1,3,28,29,37,0,44,1915,19462,0,582,10,2
2013-01-31,171857,15,17,22,31,36,0,42,1525,18122,0,689,13,2
2013-02-01,193281,7,18,24,32,35,0,68,2105,21427,0,460,11,2
2013-02-02,193569,8,17,20,21,28,0,76,2333,22738,0,393,9,2
2013-02-04,187178,5,9,10,17,29,0,72,2475,23226,0,382,8,2
2013-02-05,175686,3,20,24,28,32,0,66,1845,18970,0,440,11,2
2013-02-06,175893,15,23,26,28,32,0,58,1696,19125,0,499,12,2
2013-02-07,180932,3,18,19,24,27,0,57,2106,21152,0,492,10,2
2013-02-08,190537,11,14,16,19,25,0,69,2154,21786,0,436,10,2
2013-02-09,197465,9,11,13,14,31,0,78,2235,23006,0,394,10,2
2013-02-11,190482,1,24,31,32,35,0,58,1982,19715,0,560,11,2
2013-02-12,171986,2,13,16,20,27,1,65,1921,19258,19062,132,11,2
2013-02-13,174260,8,10,14,17,32,0,49,1889,19817,0,565,10,2
2013-02-14,177680,6,8,15,24,28,1,69,2117,20763,18996,124,10,2
2013-02-15,187348,19,21,24,33,35,0,66,1891,21187,0,452,11,2
2013-02-16,190761,8,14,23,30,34,0,64,1928,20801,0,490,12,2
2013-02-18,186385,5,8,26,29,35,0,67,2014,21164,0,442,10,2
2013-02-19,170286,11,14,17,23,37,0,72,2222,20340,0,359,8,2
2013-02-20,172090,2,4,11,17,25,0,84,2122,21096,0,304,9,2
2013-02-21,179593,11,19,20,23,35,1,38,1932,20480,19607,233,11,2
2013-02-22,186368,5,11,16,18,28,2,84,2228,21926,9903,106,9,2
2013-02-23,189227,1,9,18,28,31,0,64,2111,21171,0,476,10,2
2013-02-25,181895,4,6,20,28,30,0,66,1914,20199,0,446,11,2
2013-02-26,169857,10,13,15,17,20,1,80,2231,20058,17992,101,9,2
2013-02-27,175576,8,25,28,34,35,0,46,1846,19460,0,619,11,2
2013-02-28,179223,4,18,24,32,37,0,64,1903,19422,0,462,11,2
2013-03-01,200902,8,9,27,32,34,0,53,2071,22415,0,611,11,2
2013-03-02,202133,7,9,13,31,36,0,55,2239,23335,0,576,10,2
2013-03-04,195554,3,10,27,30,35,1,59,2160,21696,21835,166,11,2
2013-03-05,176100,10,16,22,27,29,0,65,1940,19988,0,431,10,2
2013-03-06,179197,4,7,9,18,28,0,87,2526,22257,0,302,7,2
2013-03-07,180206,1,3,21,26,31,1,65,2088,19897,20199,140,11,2
2013-03-08,189290,17,22,23,35,36,0,66,1803,19916,0,483,12,2
2013-03-09,190488,5,9,14,15,31,1,59,2190,21855,20690,158,10,2
2013-03-11,182373,4,14,15,24,28,0,65,2149,20417,0,451,10,2
2013-03-12,169371,4,7,12,13,14,0,77,2210,21058,0,322,8,2
2013-03-13,175026,8,13,16,27,28,0,74,2066,20404,0,368,9,2
2013-03-14,176307,1,2,4,7,16,1,77,2448,20878,18628,109,8,2
2013-03-15,183803,2,3,15,28,31,0,51,1919,20819,0,573,11,2
2013-03-16,186907,15,17,18,24,27,1,60,2210,21516,20244,152,10,2
2013-03-18,183645,16,20,24,26,27,0,63,2030,20484,0,470,10,2
2013-03-19,167959,2,3,20,31,37,1,43,1735,18968,18486,194,11,2
2013-03-20,173719,8,9,12,13,36,0,48,1899,20478,0,557,10,2
2013-03-21,173169,3,5,6,25,36,0,57,1820,19786,0,480,11,2
2013-03-22,182401,19,20,29,30,33,1,71,2004,20453,20193,128,11,2
2013-03-23,188690,5,11,12,15,26,0,88,2256,22595,0,325,9,2
2013-03-25,179781,1,5,10,15,27,0,74,2440,21234,0,374,8,2
2013-03-26,166906,5,20,27,28,32,0,45,1704,18742,0,595,11,2
2013-03-27,174549,7,8,13,27,29,0,74,2196,21936,0,341,8,2
2013-03-28,179950,1,3,6,19,32,0,41,1982,20211,0,704,11,2
2013-03-29,187831,6,14,15,27,36,0,49,1791,19676,0,649,13,2
2013-03-30,190030,1,15,22,25,28,0,64,1980,21115,0,480,11,2
2013-04-01,190625,3,21,31,36,37,1,66,2007,21072,21347,145,11,2
2013-04-02,174748,3,8,17,20,36,1,62,1950,19963,19050,139,10,2
2013-04-03,179896,9,14,19,31,34,0,58,1936,19675,0,508,11,2
2013-04-04,184234,2,14,15,24,34,0,74,2106,20096,0,408,10,2
2013-04-05,188344,4,13,14,27,30,0,63,1989,21124,0,480,11,2
2013-04-06,191063,1,15,23,25,35,0,75,2165,21025,0,416,10,2
2013-04-08,190683,1,6,11,12,20,1,83,2330,22419,20277,110,9,2
2013-04-09,170097,2,9,23,27,36,0,71,1880,19010,0,385,11,2
2013-04-10,171830,3,11,15,22,33,1,90,2136,20048,18396,92,9,2
2013-04-11,175712,7,12,14,19,23,1,70,2306,21676,17868,115,8,2
2013-04-12,185077,3,7,21,22,30,0,66,2200,22190,0,425,9,2
2013-04-13,190890,15,17,20,26,37,1,67,2108,21549,21017,141,11,2
2013-04-15,185592,1,6,13,18,35,0,69,1917,20274,0,441,11,2
2013-04-16,166024,8,19,23,24,30,0,54,1751,18848,0,489,11,2
2013-04-17,173245,6,8,13,18,26,1,78,2085,19885,18811,109,9,2
2013-04-18,170862,11,16,17,18,29,1,84,2055,19895,18325,98,9,2
2013-04-19,179022,2,21,25,33,35,0,62,1939,19354,0,477,11,2
2013-04-20,184010,1,7,8,15,22,0,68,2422,22475,0,403,8,2
2013-04-22,180675,10,14,17,18,31,0,43,1930,20327,0,673,11,2
2013-04-23,165825,14,26,28,29,36,0,46,1716,17216,0,614,12,2
2013-04-24,166967,2,9,10,17,20,0,62,2166,20533,0,398,8,2
2013-04-25,170399,6,9,15,23,33,1,86,2025,19358,18663,98,10,2
2013-04-26,178635,4,13,28,32,33,1,63,1846,19442,20249,144,11,2
2013-04-27,175530,4,10,20,27,36,0,60,1911,19450,0,475,11,2
2013-04-29,179533,1,9,12,21,36,1,70,2036,20193,19826,127,10,2
2013-04-30,165194,1,2,17,18,31,0,49,1530,18263,0,548,13,2
2013-05-01,172079,5,15,30,34,37,2,66,2071,19430,9471,129,9,2
2013-05-02,175030,23,27,28,30,35,3,54,1755,19004,6625,166,12,2
2013-05-03,186764,2,12,19,21,23,2,93,2294,21940,9938,96,9,2
2013-05-04,185163,11,13,17,31,34,0,63,2024,21261,0,463,10,2
2013-05-06,186218,12,17,28,31,37,2,65,2027,20980,10268,142,11,2
2013-05-07,166452,10,22,29,31,35,0,55,1697,18165,0,497,12,2
2013-05-08,169472,2,4,5,19,21,0,69,2244,20137,0,375,8,2
2013-05-09,173614,4,15,16,25,34,0,55,1724,18733,0,523,12,2
2013-05-10,178833,14,17,30,32,37,0,59,1932,19585,0,496,11,2
2013-05-11,180953,5,12,18,27,37,2,71,2106,21290,9615,121,9,2
2013-05-13,176729,9,26,29,36,37,0,65,1886,19408,0,444,11,2
2013-05-14,164264,7,9,19,23,35,1,66,2021,20031,16891,116,9,2
2013-05-15,174809,4,7,16,19,24,1,78,2184,20875,18330,105,9,2
2013-05-16,167011,3,7,21,27,31,0,62,2230,20211,0,405,8,2
2013-05-17,180135,8,19,20,29,34,0,63,1993,20320,0,457,10,2
2013-05-18,181833,18,19,20,23,34,2,58,1998,19828,10290,160,11,2
2013-05-20,176384,1,4,7,17,19,2,116,2628,22434,8697,67,7,2
2013-05-21,161803,2,7,17,28,37,2,101,2336,20218,8124,73,7,2
2013-05-22,167346,5,12,16,17,33,0,56,1823,19439,0,466,10,2
2013-05-23,171213,4,5,7,14,17,0,94,2632,22129,0,256,7,2
2013-05-24,179835,1,5,28,29,31,0,60,1892,19966,0,485,11,2
2013-05-25,181511,2,4,6,7,26,2,107,2414,21978,9394,79,8,2
2013-05-27,159210,11,20,25,31,35,0,51,1681,17247,0,516,11,2
2013-05-28,159218,4,15,18,21,27,0,55,1752,18261,0,456,10,2
2013-05-29,162885,2,11,12,29,33,0,62,1911,19012,0,408,10,2
2013-05-30,167805,2,10,30,34,37,0,56,1971,18719,0,483,10,2
2013-05-31,182835,18,24,27,32,33,2,49,1885,19736,10428,191,11,2
2013-06-01,188960,6,11,13,14,28,1,59,2198,22095,20191,154,9,2
2013-06-03,192781,1,21,22,33,37,0,80,2021,21694,0,386,12,2
2013-06-04,176536,1,12,20,29,33,0,55,1873,19555,0,521,11,2
2013-06-05,175106,1,3,15,26,28,0,63,1940,20070,0,438,10,2
2013-06-06,178520,1,9,18,22,36,0,49,1991,19545,0,596,10,2
2013-06-07,187612,4,13,21,22,35,0,53,1973,20500,0,580,11,2
2013-06-08,188519,7,11,14,15,19,1,76,2683,23904,18650,111,7,2
2013-06-10,187119,9,12,23,28,32,2,89,2213,21489,10154,102,10,2
2013-06-11,168185,19,21,31,33,34,0,77,1827,18392,0,358,11,2
2013-06-12,172111,1,6,22,26,32,2,58,1632,17867,10102,157,13,2
2013-06-13,174729,1,11,17,28,30,0,65,2041,20549,0,415,9,2
2013-06-14,184875,2,12,14,30,35,1,68,1785,20171,20916,138,13,2
2013-06-15,185193,5,11,14,15,19,1,97,2371,22642,18996,88,8,2
2013-06-17,184110,3,8,18,31,32,2,52,2011,20674,10179,177,11,2
2013-06-18,167862,9,10,18,25,30,1,61,1991,19256,18236,135,9,2
2013-06-19,170261,2,4,22,28,30,0,65,1832,19057,0,421,11,2
2013-06-20,174902,8,21,29,30,36,0,63,1730,19040,0,456,12,2
2013-06-21,180906,5,7,24,27,36,0,77,2046,21465,0,359,10,2
2013-06-22,185027,12,21,22,23,25,1,100,2160,20759,20474,92,9,2
2013-06-24,182756,5,12,30,34,37,1,56,1934,20279,20404,165,11,2
2013-06-25,165192,2,7,18,22,31,0,59,1830,19233,0,436,11,2
2013-06-26,168025,8,20,21,24,25,0,64,1895,19031,0,418,10,2
2013-06-27,170276,1,5,15,23,27,1,88,2096,19965,18151,93,9,2
2013-06-28,182829,4,8,9,20,25,0,58,2244,21553,0,485,9,2
2013-06-29,185894,10,24,27,31,33,1,69,1985,20278,21034,137,11,2
2013-07-01,192418,5,12,24,31,36,0,91,2098,20953,0,347,11,2
2013-07-02,173993,3,6,16,28,36,0,64,1882,19089,0,445,10,2
2013-07-03,185297,12,17,20,31,32,0,58,1765,20243,0,523,13,2
2013-07-04,163882,2,5,16,32,36,0,46,1537,17600,0,592,13,2
2013-07-05,186418,5,11,16,19,27,0,103,2325,22531,0,272,8,2
2013-07-06,185609,5,13,16,19,33,1,70,2201,21404,20073,130,10,2
2013-07-08,187538,4,24,30,36,37,0,62,1967,20017,0,504,11,2
2013-07-09,168716,5,8,24,26,31,1,74,1859,19129,18509,113,11,2
2013-07-10,170771,2,3,7,22,32,2,59,2059,20381,8958,137,9,2
2013-07-11,172826,1,3,15,16,31,0,62,1898,19419,0,446,10,2
2013-07-12,182834,3,22,24,25,34,0,50,1970,19677,0,607,11,2
2013-07-13,183618,3,17,20,32,33,0,57,1924,20321,0,523,11,2
2013-07-15,183222,9,16,18,28,30,1,65,2052,20579,20256,140,10,2
2013-07-16,166750,3,12,14,23,35,0,65,1849,19152,0,404,11,2
2013-07-17,171148,2,5,18,22,35,0,43,1870,19492,0,631,10,2
2013-07-18,175475,9,27,28,31,34,0,74,1807,18929,0,392,12,2
2013-07-19,181729,11,18,25,28,29,2,67,2157,20861,9865,133,9,2
2013-07-20,181883,1,3,16,18,37,0,65,1969,21205,0,435,10,2
2013-07-22,181555,5,11,16,26,33,1,77,2073,20299,20147,117,11,2
2013-07-23,162768,1,7,9,22,27,1,72,2148,20221,16438,103,8,2
2013-07-24,165483,13,18,19,24,36,1,53,1702,18161,18637,159,11,2
2013-07-25,169945,1,4,12,22,34,1,69,1835,19101,18779,122,11,2
2013-07-26,177112,8,26,27,33,37,0,51,1940,20158,0,551,10,2
2013-07-27,177675,2,8,14,17,36,0,58,1905,19779,0,495,11,2
2013-07-29,176677,1,15,30,34,35,1,43,1734,18467,20638,216,12,2
2013-07-30,162665,6,12,15,16,32,0,59,1688,18178,0,444,11,2
2013-07-31,166413,8,10,11,22,31,0,67,2029,19968,0,376,9,2
2013-08-01,175528,10,18,23,27,33,0,69,1996,19670,0,409,10,2
2013-08-02,188582,7,18,30,35,36,0,61,1911,20244,0,513,12,2
2013-08-03,190458,8,15,23,24,32,1,69,2053,21259,21163,138,11,2
2013-08-05,185084,2,7,8,25,29,0,49,2154,22670,0,562,9,2
2013-08-06,166128,1,19,20,25,28,0,54,1743,18640,0,493,11,2
2013-08-07,177253,7,13,18,20,24,2,78,2102,21054,9338,108,9,2
2013-08-08,168703,15,16,18,33,37,0,70,1792,18535,0,393,11,2
2013-08-09,180104,3,7,20,26,31,0,44,2024,20680,0,645,10,2
2013-08-10,185543,7,10,30,33,36,0,62,1940,20895,0,479,11,2
2013-08-12,182850,3,21,22,31,37,0,64,1961,20758,0,454,11,2
2013-08-13,166982,12,27,28,29,35,0,64,1923,18300,0,426,10,2
2013-08-14,169897,1,11,23,28,29,1,59,1855,19759,18240,140,10,2
2013-08-15,174759,4,19,28,30,36,1,61,1711,18478,20245,149,13,2
2013-08-16,184205,1,5,26,32,33,1,44,1750,19865,21027,216,12,2
2013-08-17,183382,3,4,11,19,20,1,76,2257,22090,19076,113,9,2
2013-08-19,181346,8,23,25,28,33,0,63,2111,20418,0,460,10,2
2013-08-20,167548,8,23,30,33,34,0,56,1863,18591,0,485,10,2
2013-08-21,170195,2,4,10,28,37,0,65,2001,19951,0,405,9,2
2013-08-22,170692,7,8,15,33,35,0,59,1979,20407,0,439,10,2
2013-08-23,188263,2,25,29,34,35,0,44,1983,20025,0,716,11,2
2013-08-24,182468,5,7,17,19,30,0,70,2449,22699,0,381,8,2
2013-08-26,176081,5,17,19,20,25,1,81,2399,20411,18958,106,8,2
2013-08-27,161337,2,4,6,14,32,0,58,1946,17705,0,454,10,2
2013-08-28,162529,8,13,16,24,27,0,85,2017,18832,0,298,9,2
2013-08-29,168090,2,22,24,26,37,0,39,1824,18497,0,704,11,2
2013-08-30,181199,2,14,17,35,37,0,64,1953,20520,0,451,10,2
2013-08-31,183465,24,26,28,30,31,1,66,1947,19540,21139,144,12,2
2013-09-02,165563,18,19,20,33,36,0,63,1755,17788,0,436,11,2
2013-09-03,168785,17,19,30,35,37,0,63,2027,18939,0,430,10,2
2013-09-04,170806,6,8,23,35,36,2,56,1794,18775,9606,155,11,2
2013-09-05,170614,9,17,27,29,31,1,65,2087,20013,18181,126,9,2
2013-09-06,177964,13,23,25,33,34,1,70,2140,19641,19954,128,9,2
2013-09-07,180385,5,9,24,32,35,0,54,1834,20213,0,537,12,2
2013-09-09,177746,4,9,10,12,18,1,80,2318,21815,18165,102,8,2
2013-09-10,158489,2,5,7,12,35,0,69,2140,19723,0,336,8,2
2013-09-11,162793,15,18,19,31,33,0,43,1666,18002,0,615,11,2
2013-09-12,164621,7,16,23,30,36,0,53,1711,17759,0,514,12,2
2013-09-13,176497,1,9,21,22,32,0,55,1941,20018,0,510,10,2
2013-09-14,174112,5,6,11,22,37,0,73,2107,20583,0,366,9,2
2013-09-16,171912,6,8,14,23,25,0,76,1953,19902,0,354,10,2
2013-09-17,161231,3,4,8,12,22,0,75,2107,20051,0,314,8,2
2013-09-18,168245,8,24,25,34,36,0,47,1642,17979,0,598,12,2
2013-09-19,162674,29,33,35,36,37,1,206,2128,17504,18601,40,9,2
2013-09-20,169180,2,12,22,28,33,2,67,2019,19198,9273,126,10,2
2013-09-21,176455,5,6,13,15,21,0,94,2064,20848,0,288,9,2
2013-09-23,170314,9,10,15,24,37,0,53,1890,19778,0,502,10,2
2013-09-24,158064,2,11,14,23,26,0,59,1801,17911,0,426,10,2
2013-09-25,160421,8,22,23,27,29,1,63,1906,18875,17047,122,10,2
2013-09-26,160837,20,21,22,27,29,2,82,1883,17807,8994,99,10,2
2013-09-27,171686,4,5,12,20,30,0,71,2015,20043,0,375,9,2
2013-09-28,174318,4,23,28,33,37,0,78,2065,20092,0,351,10,2
2013-09-30,174164,4,5,16,29,36,0,44,1694,18749,0,656,12,2
2013-10-01,166814,1,6,17,19,29,1,66,1998,19396,17912,122,9,2
2013-10-02,165145,4,7,10,14,36,0,56,1945,19490,0,454,10,2
2013-10-03,172354,9,26,27,28,36,0,72,1866,18471,0,398,11,2
2013-10-04,179287,10,25,29,32,37,0,50,1837,20089,0,576,11,2
2013-10-05,178142,15,19,22,35,36,0,41,1721,18847,0,730,12,2
2013-10-07,175730,9,23,34,35,37,1,56,2190,19773,19400,156,9,2
2013-10-08,160709,1,2,5,14,31,1,44,1881,17930,17864,183,10,2
2013-10-09,163740,17,19,21,23,25,2,71,2093,18689,8932,113,9,2
2013-10-10,165311,2,19,25,30,34,0,52,1627,18012,0,522,12,2
2013-10-11,174759,1,4,12,14,37,3,62,1951,20309,6258,136,10,2
2013-10-12,172308,1,3,17,27,29,1,61,2011,20738,17938,133,9,2
2013-10-14,169118,5,9,14,22,28,1,54,1985,19816,18039,150,10,2
2013-10-15,157857,2,8,10,17,32,0,52,1951,18469,0,471,9,2
2013-10-16,160971,5,21,24,25,34,0,52,1758,17995,0,498,11,2
2013-10-17,165827,12,13,16,28,33,0,69,1795,18254,0,391,10,2
2013-10-18,172275,9,15,16,22,24,0,52,1914,19651,0,525,10,2
2013-10-19,172950,12,21,24,25,36,1,50,1961,19034,19435,175,11,2
2013-10-21,170630,11,14,23,30,31,0,73,1826,18896,0,379,11,2
2013-10-22,157949,26,27,33,34,35,3,57,1826,16816,6068,144,10,2
2013-10-23,161212,2,4,5,14,20,0,64,2128,18876,0,390,8,2
2013-10-24,161269,6,9,27,29,32,1,40,1861,18272,17702,199,10,2
2013-10-25,170720,2,4,24,32,35,0,50,1756,18422,0,565,12,2
2013-10-26,171092,1,5,13,27,28,0,64,1978,20119,0,412,10,2
2013-10-28,170604,3,10,15,28,33,0,53,2037,19853,0,501,9,2
2013-10-29,156702,2,3,10,16,34,1,44,1868,18014,16992,175,9,2
2013-10-30,155028,5,11,27,29,35,0,61,1901,18185,0,392,9,2
2013-10-31,159124,6,12,14,17,22,0,41,1878,18595,0,603,10,2
2013-11-01,181951,11,22,23,30,33,0,91,2088,20850,0,315,10,2
2013-11-02,182302,4,15,26,31,34,0,62,1702,18817,0,503,13,2
2013-11-04,179678,6,11,19,31,36,1,57,1947,19679,20268,160,11,2
2013-11-05,162388,6,8,14,29,33,1,51,1715,18189,17993,159,11,2
2013-11-06,161950,4,6,22,28,36,0,60,1572,17498,0,446,12,2
2013-11-07,165773,2,4,21,27,32,0,52,1785,18855,0,506,10,2
2013-11-08,174907,10,18,26,28,31,2,58,1946,19240,9831,152,11,2
2013-11-09,174817,2,3,9,21,28,0,69,2132,21397,0,377,8,2
2013-11-11,170739,1,9,14,15,31,1,61,1816,19121,18921,140,11,2
2013-11-12,159807,8,9,23,28,31,1,52,1810,18492,17232,149,10,2
2013-11-13,159494,15,17,21,22,33,0,50,1761,18019,0,509,11,2
2013-11-14,165769,7,8,13,30,35,0,59,1909,19324,0,436,9,2
2013-11-15,173734,3,9,10,14,31,0,49,2082,20299,0,550,10,2
2013-11-16,175332,16,19,29,32,37,0,65,1852,19587,0,435,11,2
2013-11-18,172614,2,11,29,31,33,0,54,2124,19624,0,507,9,2
2013-11-19,158891,10,18,19,27,29,0,60,1939,18718,0,408,9,2
2013-11-20,164535,14,19,27,28,37,0,37,1776,19230,0,689,10,2
2013-11-21,166959,4,7,13,22,33,2,85,2061,19909,8765,93,9,2
2013-11-22,168781,6,16,19,28,37,1,66,1929,18498,19028,130,10,2
2013-11-23,173259,4,8,15,17,19,0,66,2153,20823,0,396,9,2
2013-11-25,166257,5,8,9,34,36,0,63,1802,19479,0,409,10,2
2013-11-26,158372,2,4,12,13,35,0,49,1817,18426,0,503,10,2
2013-11-27,169964,5,9,15,18,36,1,65,1985,19051,18822,130,10,2
2013-11-28,133830,4,12,16,23,32,0,50,1489,14360,0,445,11,2
2013-11-29,171722,8,26,29,30,36,1,52,1733,18009,20011,174,12,2
2013-11-30,177911,9,10,12,23,35,0,64,1973,20645,0,433,10,2
2013-12-02,182227,3,8,26,27,36,0,74,1858,20121,0,400,11,2
2013-12-03,172065,3,5,9,14,30,0,65,2294,20559,0,403,8,2
2013-12-04,170804,5,11,19,27,37,0,85,2233,21054,0,296,8,2
2013-12-05,169980,9,13,16,22,27,1,73,1814,19259,18658,116,11,2
2013-12-06,158437,7,12,17,32,34,0,51,1846,18832,0,474,10,2
2013-12-07,160960,3,5,15,17,36,0,61,1679,18744,0,411,10,2
2013-12-09,172289,2,7,9,23,28,1,71,2234,21681,17177,108,8,2
2013-12-10,163810,2,7,10,12,13,0,71,2448,20797,0,331,7,2
2013-12-11,164006,1,3,9,22,33,0,80,2141,19351,0,315,8,2
2013-12-12,166690,5,6,19,26,33,0,47,1745,18903,0,565,12,2
2013-12-13,186468,4,5,6,13,30,0,68,2232,21876,0,423,9,2
2013-12-14,175269,4,18,25,31,34,1,55,1750,18413,20399,168,12,2
2013-12-16,175184,5,20,33,35,36,0,53,1830,18726,0,551,11,2
2013-12-17,176376,1,7,8,26,30,0,57,2052,20308,0,486,10,2
2013-12-18,163699,6,7,16,17,35,2,59,1776,18976,8812,134,10,2
2013-12-19,172681,1,6,28,30,37,1,44,1841,19204,19245,197,11,2
2013-12-20,182175,10,11,13,16,22,1,86,2187,20808,19863,104,10,2
2013-12-21,177341,2,4,13,24,27,0,73,2064,20855,0,375,9,2
2013-12-23,186264,1,10,24,34,36,0,55,1800,19537,0,572,13,2
2013-12-24,177902,3,10,14,17,30,1,65,2135,20395,19336,134,9,2
2013-12-25,125827,4,18,20,24,35,0,43,1222,13369,0,490,13,2
2013-12-26,166327,14,16,17,21,26,0,45,1764,18251,0,604,11,2
2013-12-27,175415,7,10,21,22,37,0,60,2143,21566,0,432,8,2
2013-12-28,175629,19,20,22,33,34,0,51,1674,19562,0,556,13,2
2013-12-30,181857,3,18,26,32,33,0,59,1799,19414,0,514,12,2
2013-12-31,187961,1,6,9,13,22,0,88,2393,22162,0,329,9,2
2014-01-01,144802,12,16,22,32,35,0,43,1420,14963,0,575,12,2
2014-01-02,170359,1,8,19,29,34,1,65,1886,19219,18766,130,10,2
2014-01-03,183208,7,12,14,25,34,0,59,2157,21006,0,489,10,2
2014-01-04,186355,19,23,24,27,28,0,72,2169,21716,0,403,9,2
2014-01-06,177538,7,8,28,34,35,0,81,2031,20582,0,342,10,2
2014-01-07,164148,4,5,9,12,23,0,82,2307,20800,0,287,7,2
2014-01-08,166021,8,19,24,33,34,1,59,1894,19184,17923,137,10,2
2014-01-09,169301,8,12,13,15,22,1,65,2068,20132,17822,124,9,2
2014-01-10,180545,2,7,21,22,33,1,66,2290,21912,18649,127,9,2
2014-01-11,178813,3,12,24,26,27,0,77,2135,20478,0,366,9,2
2014-01-13,177091,8,22,23,33,35,2,71,2110,20438,9569,122,10,2
2014-01-14,162976,5,7,9,29,33,0,48,2199,20463,0,492,7,2
2014-01-15,165742,11,16,19,26,35,2,54,1713,18232,9316,155,12,2
2014-01-16,168308,1,6,10,12,13,0,56,2164,20458,0,450,8,2
2014-01-17,177848,1,2,22,25,29,0,53,1858,20179,0,533,11,2
2014-01-18,178680,12,16,23,29,35,1,58,1841,19427,20270,158,12,2
2014-01-20,174011,1,12,27,31,34,0,49,1789,19084,0,580,11,2
2014-01-21,161024,2,6,23,25,33,1,54,1777,18546,17433,145,10,2
2014-01-22,165568,8,12,16,17,20,0,58,2006,19309,0,444,9,2
2014-01-23,163375,18,23,28,30,33,1,71,1847,18169,18207,115,11,2
2014-01-24,165193,8,9,21,23,33,1,58,2160,20030,17079,133,8,2
2014-01-25,178628,11,23,24,30,36,0,61,1773,19327,0,484,12,2
2014-01-27,175191,2,13,26,34,35,1,60,1686,18772,20095,150,12,2
2014-01-28,145804,3,10,33,34,37,0,74,1960,16865,0,308,9,2
2014-01-29,154278,2,3,5,6,33,0,68,1964,18740,0,340,8,2
2014-01-30,161988,3,6,13,22,31,0,57,1830,18102,0,458,10,2
2014-01-31,177752,7,12,24,28,32,0,68,2186,20987,0,401,9,2
2014-02-01,182450,4,8,21,22,27,0,65,2101,21849,0,426,10,2
2014-02-03,184071,2,5,19,21,30,1,63,2041,21263,19878,142,10,2
2014-02-04,166469,7,16,31,33,37,1,53,1971,19029,18138,155,9,2
2014-02-05,163628,5,10,14,24,28,0,60,1921,18994,0,425,10,2
2014-02-06,159867,1,15,20,22,32,0,50,1564,17044,0,534,12,2
2014-02-07,173087,2,8,9,28,35,0,71,2102,20539,0,373,9,2
2014-02-08,180028,4,5,9,10,37,1,73,2233,22271,18257,112,9,2
2014-02-10,176552,12,15,16,27,34,0,44,1790,19323,0,658,11,2
2014-02-11,157602,2,18,23,28,31,1,47,1750,17441,17633,169,11,2
2014-02-12,166874,11,15,19,20,23,0,51,1866,19676,0,503,10,2
2014-02-13,169485,5,9,19,22,37,0,82,2227,20470,0,311,8,2
2014-02-14,178841,4,7,8,29,35,0,65,2082,21489,0,416,9,2
2014-02-15,182810,7,13,35,36,37,1,68,2287,20533,20211,134,9,2
2014-02-17,178482,2,12,24,29,33,1,69,2297,20861,19078,124,9,2
2014-02-18,163879,3,16,17,18,22,0,57,1910,18390,0,462,10,2
2014-02-19,173645,3,12,16,19,20,0,61,2278,20203,0,443,8,2
2014-02-20,168341,1,7,10,33,34,0,58,1961,20299,0,437,10,2
2014-02-21,179333,14,20,30,32,34,0,60,1777,18435,0,513,12,2
2014-02-22,182432,1,12,17,20,27,0,71,2007,20929,0,404,10,2
2014-02-24,180339,1,6,8,10,21,1,80,2439,21499,18939,107,8,2
2014-02-25,165680,2,3,5,12,32,1,60,2237,19872,17303,130,8,2
2014-02-26,166340,3,5,7,15,28,0,88,2451,21389,0,267,7,2
2014-02-27,172599,28,30,32,33,34,1,130,1947,17481,20612,71,11,2
2014-02-28,186654,2,4,15,16,19,1,68,2141,22063,19754,132,10,2
2014-03-01,192189,5,9,12,13,16,2,83,2497,23725,9765,106,8,2
2014-03-03,188690,11,19,22,27,28,0,63,2296,22557,0,455,9,2
2014-03-04,172834,5,8,11,17,21,1,100,2481,21846,17154,77,7,2
2014-03-05,173187,2,3,25,32,34,0,60,1817,18869,0,474,12,2
2014-03-06,175409,9,21,28,30,32,1,60,1819,18862,20067,151,11,2
2014-03-07,183652,18,20,24,29,31,0,60,1901,19752,0,508,11,2
2014-03-08,182680,3,9,16,19,27,0,72,2366,22072,0,381,9,2
2014-03-10,181185,1,4,6,9,10,1,115,2800,22081,18641,73,7,2
2014-03-11,166599,7,13,16,19,25,0,108,1990,19748,0,236,9,2
2014-03-12,167490,2,11,24,31,36,0,39,1676,17871,0,719,12,2
2014-03-13,169428,21,26,34,36,37,0,65,1864,17899,0,438,11,2
2014-03-14,177887,3,10,11,17,36,2,59,2113,20311,9700,148,9,2
2014-03-15,176636,1,5,6,15,30,0,67,2154,20296,0,415,9,2
2014-03-17,181151,2,19,20,29,37,0,66,2152,20659,0,434,10,2
2014-03-18,169739,2,8,15,17,18,1,70,2037,20174,17875,115,9,2
2014-03-19,162919,2,7,24,26,28,0,54,1986,19482,0,459,9,2
2014-03-20,170131,10,12,24,30,32,0,51,1881,19152,0,533,11,2
2014-03-21,178139,1,4,17,24,36,1,51,1818,19353,20220,179,11,2
2014-03-22,177681,9,11,17,23,36,0,75,2214,20708,0,368,9,2
2014-03-24,177232,8,11,12,13,19,1,101,2315,22277,17690,79,8,2
2014-03-25,163924,11,17,23,32,36,0,83,1868,17797,0,325,10,2
2014-03-26,165843,1,3,5,6,22,0,82,2479,19929,0,306,7,2
2014-03-27,170947,2,3,15,27,35,0,55,1818,19668,0,489,11,2
2014-03-28,177349,10,12,24,27,37,1,61,2034,20875,18840,139,10,2
2014-03-29,177882,4,6,24,29,35,0,55,1765,19319,0,532,12,2
2014-03-31,181457,15,16,21,24,30,0,59,1788,19445,0,512,12,2
2014-04-01,174062,5,12,13,16,29,0,60,2023,20135,0,454,10,2
2014-04-02,170013,6,23,27,28,36,0,71,1728,18322,0,396,11,2
2014-04-03,178896,10,19,24,28,37,0,79,1987,20623,0,356,10,2
2014-04-04,185111,6,11,16,33,37,0,59,1991,20819,0,502,11,2
2014-04-05,184344,12,13,15,30,32,1,38,1774,19920,21011,249,12,2
2014-04-07,180549,5,7,18,19,22,0,82,2375,22833,0,317,8,2
2014-04-08,164952,1,8,24,27,31,0,56,1844,18608,0,470,10,2
2014-04-09,165756,1,5,8,12,17,1,92,2414,21217,16238,80,7,2
2014-04-10,168490,16,29,32,34,35,0,49,1775,17156,0,593,12,2
2014-04-11,175584,1,14,17,21,29,0,63,1922,19697,0,447,11,2
2014-04-12,174458,2,6,23,29,32,0,38,1846,19532,0,739,11,2
2014-04-14,173505,10,11,15,17,35,0,52,1998,20293,0,517,9,2
2014-04-15,163275,6,11,20,32,34,0,32,1548,17262,0,857,13,2
2014-04-16,164709,2,13,24,32,37,0,62,1740,18399,0,428,11,2
2014-04-17,168292,1,18,20,27,28,0,57,1789,18448,0,482,11,2
2014-04-18,171337,12,20,23,25,37,0,44,1829,19232,0,625,11,2
2014-04-19,172129,5,6,7,16,21,1,57,2203,21252,17489,138,8,2
2014-04-21,169713,10,17,27,31,33,0,70,1899,19112,0,388,10,2
2014-04-22,157558,3,9,12,31,33,0,60,2008,18851,0,399,9,2
2014-04-23,160305,1,4,11,22,29,0,66,2125,19059,0,371,8,2
2014-04-24,162833,5,6,20,22,32,1,42,1641,17919,18299,196,12,2
2014-04-25,169631,12,13,21,27,34,1,49,1869,19323,18537,170,10,2
2014-04-26,171166,7,10,15,17,36,0,72,2059,20178,0,366,9,2
2014-04-28,170689,1,12,17,30,31,0,51,1742,19042,0,540,12,2
2014-04-29,155913,1,11,13,28,32,0,54,1627,17755,0,457,11,2
2014-04-30,159788,2,12,17,26,29,0,73,1838,18958,0,335,9,2
2014-05-01,169081,1,6,21,22,31,0,59,1890,18548,0,468,11,2
2014-05-02,178605,17,28,30,34,35,0,78,1839,18893,0,385,11,2
2014-05-03,177775,1,25,34,36,37,1,60,2050,18547,20795,156,11,2
2014-05-05,176806,11,18,25,35,36,1,45,1767,18749,20438,204,12,2
2014-05-06,160269,9,13,16,31,35,0,39,1541,17261,0,682,12,2
2014-05-07,160575,1,10,17,31,32,1,80,1909,17782,17956,101,10,2
2014-05-08,159172,13,17,19,27,28,0,64,1987,19108,0,376,9,2
2014-05-09,170432,17,18,22,35,37,1,42,1807,18747,19160,206,11,2
2014-05-10,171221,1,6,9,15,29,0,71,2209,19699,0,379,8,2
2014-05-12,168351,4,18,24,36,37,0,55,1773,18094,0,508,12,2
2014-05-13,156154,4,14,15,29,31,0,56,1589,16591,0,467,12,2
2014-05-14,159294,1,22,25,26,33,0,41,1580,16993,0,648,12,2
2014-05-15,162158,4,11,12,17,22,0,70,2159,20099,0,340,8,2
2014-05-16,170883,2,19,29,34,35,0,59,2072,18621,0,476,9,2
2014-05-17,171800,7,11,12,20,33,0,51,2116,21423,0,491,9,2
2014-05-19,171698,7,9,16,22,29,0,72,2108,20643,0,360,9,2
2014-05-20,156771,5,7,9,17,31,1,64,2295,19994,15416,109,7,2
2014-05-21,156058,13,15,20,30,31,1,45,1606,16697,17921,180,11,2
2014-05-22,159814,7,15,17,23,32,0,72,2018,19066,0,337,9,2
2014-05-23,169529,11,13,25,31,32,0,59,1779,18760,0,467,11,2
2014-05-24,168287,6,7,11,14,20,2,63,2167,20670,8592,123,8,2
2014-05-26,153207,2,4,5,7,19,0,93,2480,19718,0,232,6,2
2014-05-27,153191,1,12,16,19,27,0,58,1826,18182,0,405,10,2
2014-05-28,155687,6,13,19,28,29,0,75,1840,18173,0,322,9,2
2014-05-29,161319,2,3,8,11,37,0,69,2188,20770,0,330,7,2
2014-05-30,172724,2,12,15,22,34,0,63,1973,19626,0,436,11,2
2014-05-31,175964,8,16,17,18,34,0,49,1819,19232,0,588,11,2
2014-06-02,177807,13,16,17,29,35,1,51,1937,19684,19888,176,11,2
2014-06-03,162872,10,11,18,23,36,0,72,1781,18286,0,363,10,2
2014-06-04,161793,9,14,21,26,30,3,83,1822,17653,6101,99,11,2
2014-06-05,163779,14,20,23,29,35,0,53,1666,17312,0,519,11,2
2014-06-06,167528,5,18,30,32,37,0,45,1751,17927,0,620,12,2
2014-06-07,170656,2,6,14,17,25,2,60,1902,19399,9340,140,10,2
2014-06-09,167226,11,13,18,21,23,1,65,2059,19893,17598,122,9,2
2014-06-10,153995,4,5,9,11,26,0,63,1885,19279,0,356,8,2
2014-06-11,155595,5,20,23,31,33,0,54,1591,17562,0,460,12,2
2014-06-12,157117,5,9,29,32,33,0,55,1714,17982,0,451,10,2
2014-06-13,169685,1,7,18,25,33,1,63,1984,19775,18184,130,10,2
2014-06-14,167509,3,4,5,16,26,0,56,1997,19137,0,473,9,2
2014-06-16,167075,5,15,19,27,36,0,49,1871,19133,0,538,10,2
2014-06-17,152857,5,10,15,18,22,0,81,1988,18049,0,289,9,2
2014-06-18,155333,1,5,13,24,35,0,47,1721,17885,0,520,10,2
2014-06-19,158263,2,4,5,12,13,3,67,2271,20186,5187,105,7,2
2014-06-20,164652,2,27,30,32,33,0,57,1689,17060,0,492,12,2
2014-06-21,169955,2,24,26,31,34,0,45,1671,17876,0,637,12,2
2014-06-23,167251,1,2,8,12,17,2,102,2369,20914,8390,74,7,2
2014-06-24,150691,3,16,25,31,34,0,43,1506,15411,0,604,13,2
2014-06-25,154089,4,18,19,20,36,0,50,1550,16246,0,518,12,2
2014-06-26,157538,14,17,28,29,32,0,77,1778,17640,0,329,10,2
2014-06-27,164855,3,8,12,14,15,1,63,2163,19937,17085,122,8,2
2014-06-28,166622,2,6,7,15,16,0,94,2086,20374,0,264,9,2
2014-06-30,172367,8,18,28,35,37,0,98,2058,19558,0,279,10,2
2014-07-01,160439,13,16,21,28,35,0,61,1690,17138,0,439,11,2
2014-07-02,162285,9,13,17,23,25,2,78,2130,19495,8462,98,8,2
2014-07-03,172350,5,12,17,18,26,0,78,2039,20410,0,338,9,2
2014-07-04,155831,6,18,19,29,35,0,42,1700,17107,0,607,11,2
2014-07-05,166011,1,5,21,23,32,0,49,1808,18716,0,542,11,2
2014-07-07,172303,5,20,25,28,37,1,51,1964,19086,19263,170,10,2
2014-07-08,154264,2,3,29,32,33,0,85,1700,17335,0,291,11,2
2014-07-09,156399,17,19,25,33,36,1,50,1529,17077,17684,159,12,2
2014-07-10,158144,4,18,19,29,33,0,49,1829,17844,0,515,9,2
2014-07-11,167690,5,12,14,22,27,1,65,2060,19991,17610,122,9,2
2014-07-12,167489,8,15,17,20,31,0,68,1859,18865,0,394,11,2
2014-07-14,166503,2,20,24,31,32,0,56,1565,17689,0,498,12,2
2014-07-15,152950,3,5,7,24,28,0,89,2190,19491,0,245,7,2
2014-07-16,156066,8,23,27,28,36,0,53,1667,17058,0,483,12,2
2014-07-17,158255,6,24,30,32,36,0,54,1564,16078,0,507,12,2
2014-07-18,168896,4,14,19,31,34,0,62,1755,18275,0,450,12,2
2014-07-19,170563,12,13,16,29,34,0,61,1715,18940,0,452,11,2
2014-07-21,166338,1,4,11,19,36,1,60,1886,19110,18047,135,10,2
2014-07-22,148188,6,7,9,15,23,2,52,2026,18305,7524,131,8,2
2014-07-23,151706,2,5,9,28,35,0,57,1815,18529,0,396,9,2
2014-07-24,155901,1,5,17,23,27,0,57,1890,18995,0,408,8,2
2014-07-25,164049,2,9,15,18,25,0,59,1934,19480,0,425,10,2
2014-07-26,166632,16,25,26,30,32,0,49,1584,17089,0,585,13,2
2014-07-28,162834,11,12,20,32,35,0,50,1589,17957,0,530,12,2
2014-07-29,149380,6,15,23,35,37,0,59,1665,16194,0,417,10,2
2014-07-30,149327,21,22,23,25,32,1,78,1583,15717,17356,100,12,2
2014-07-31,158207,13,16,18,24,28,2,66,1885,17822,8724,119,9,2
2014-08-01,177405,16,19,21,28,30,0,50,1844,19538,0,578,12,2
2014-08-02,178225,2,6,22,26,35,1,56,1859,18968,20547,166,11,2
2014-08-04,173056,1,18,29,34,37,0,47,1878,18852,0,605,11,2
2014-08-05,156286,6,14,16,29,32,0,57,1565,16501,0,461,12,2
2014-08-06,155069,12,19,24,29,34,1,52,1868,17675,16937,146,9,2
2014-08-07,157898,6,7,13,30,35,1,46,1615,18082,17178,169,12,2
2014-08-08,166156,6,18,19,29,33,0,83,1894,19041,0,315,10,2
2014-08-09,168175,19,22,23,30,32,0,39,1735,18412,0,707,11,2
2014-08-11,167207,4,6,7,11,18,2,79,2407,21231,8259,94,7,2
2014-08-12,151563,5,7,21,27,33,0,52,1861,18676,0,430,9,2
2014-08-13,154285,2,5,22,24,27,0,40,1712,18585,0,582,9,2
2014-08-14,157287,11,14,21,25,31,0,57,1805,17353,0,449,11,2
2014-08-15,166658,1,6,21,22,34,1,56,1608,17993,19008,153,12,2
2014-08-16,167012,8,19,20,22,25,0,46,1866,19619,0,560,10,2
2014-08-18,165190,14,19,21,23,32,0,53,1864,18343,0,505,10,2
2014-08-19,151798,1,3,4,8,34,0,73,2017,17551,0,325,8,2
2014-08-20,152616,1,3,12,20,31,0,47,1663,17517,0,512,11,2
2014-08-21,153485,8,21,23,24,36,0,41,1649,16847,0,611,11,2
2014-08-22,162988,3,13,17,22,33,3,74,2007,18971,5828,106,9,2
2014-08-23,163781,2,8,19,30,32,1,54,1839,18830,17760,149,10,2
2014-08-25,161877,3,6,9,14,32,0,64,1948,18521,0,399,9,2
2014-08-26,148755,2,11,14,20,27,0,49,1702,16739,0,486,11,2
2014-08-27,152327,7,12,18,25,31,1,81,1811,17438,16576,92,9,2
2014-08-28,154760,1,7,12,14,21,0,76,2238,19130,0,300,7,2
2014-08-29,171004,3,11,18,28,36,1,58,1809,19077,19010,148,11,2
2014-08-30,170721,14,21,22,26,32,1,51,1723,18211,19649,173,12,2
2014-09-01,152635,12,14,17,19,25,3,57,1829,17812,5446,129,10,2
2014-09-02,153594,9,22,27,35,37,0,58,1709,17275,0,424,10,2
2014-09-03,159473,3,7,8,23,25,0,53,2117,20334,0,430,7,2
2014-09-04,159240,4,12,20,24,34,2,62,1930,17881,8804,127,10,2
2014-09-05,165358,1,6,22,28,32,0,47,1753,18074,0,577,11,2
2014-09-06,167772,6,7,11,14,36,0,65,2003,20026,0,393,9,2
2014-09-08,167346,9,13,21,27,30,0,61,1918,18930,0,437,10,2
2014-09-09,151875,20,24,29,34,36,0,49,1424,15529,0,533,14,2
2014-09-10,154645,1,5,11,19,34,1,61,1859,18886,15879,118,9,2
2014-09-11,156806,1,4,22,23,37,0,56,1694,17741,0,446,10,2
2014-09-12,164934,1,13,25,31,34,2,37,1664,17285,9615,234,12,2
2014-09-13,165375,6,9,11,13,25,1,77,2282,20387,16828,98,8,2
2014-09-15,167638,18,22,23,26,33,0,55,1798,18052,0,506,11,2
2014-09-16,150475,1,6,10,31,36,1,56,1603,16454,16995,136,11,2
2014-09-17,153044,7,8,18,22,34,0,51,1728,17989,0,463,10,2
2014-09-18,154370,2,10,17,30,31,0,60,1733,17240,0,415,10,2
2014-09-19,162997,4,8,27,33,37,0,64,1825,18901,0,397,10,2
2014-09-20,165275,6,12,16,21,35,1,50,1794,18545,18287,165,11,2
2014-09-22,162570,4,17,26,28,37,1,58,1691,17865,18290,142,11,2
2014-09-23,146763,2,13,14,18,21,2,57,1622,16866,7959,126,10,2
2014-09-24,151173,2,7,12,18,20,0,75,2002,18520,0,299,8,2
2014-09-25,153003,2,15,30,35,37,0,59,1603,16228,0,435,12,2
2014-09-26,160878,10,22,26,32,37,0,44,1658,17425,0,603,11,2
2014-09-27,164043,10,11,12,16,34,0,52,1729,18717,0,499,11,2
2014-09-29,163349,1,13,18,19,21,1,64,1951,19272,17316,122,9,2
2014-09-30,152099,4,16,18,33,34,1,45,1520,16409,17358,174,12,2
2014-10-01,158311,4,5,20,23,33,1,51,1689,18337,17056,151,10,2
2014-10-02,156017,2,9,20,27,33,0,53,1717,17794,0,466,11,2
2014-10-03,169682,3,4,9,11,17,0,78,2305,22068,0,304,7,2
2014-10-04,171210,1,11,19,32,33,0,47,1913,19507,0,577,10,2
2014-10-06,167449,3,9,11,13,27,1,79,2452,21242,16558,94,7,2
2014-10-07,152077,23,25,32,36,37,0,42,1583,15925,0,613,12,2
2014-10-08,153711,9,19,25,35,36,0,59,1566,16768,0,428,12,2
2014-10-09,156265,5,6,14,23,31,1,62,1817,17452,17356,126,10,2
2014-10-10,164995,1,4,12,34,35,0,44,1807,18722,0,596,10,2
2014-10-11,166127,1,24,26,29,31,0,48,1691,17597,0,581,12,2
2014-10-13,158357,10,13,17,22,27,1,77,1938,18816,16680,97,9,2
2014-10-14,149895,1,10,14,26,33,0,47,1513,16141,0,529,12,2
2014-10-15,151143,4,6,17,21,31,1,53,1548,17182,16544,141,11,2
2014-10-16,153742,8,14,17,19,25,1,60,1864,17632,16706,125,9,2
2014-10-17,161373,4,28,29,31,36,0,46,1524,16491,0,604,13,2
2014-10-18,170615,6,12,13,22,25,1,55,1919,20007,18185,149,10,2
2014-10-20,164753,2,5,12,15,29,0,61,2045,20122,0,402,9,2
2014-10-21,147301,2,12,22,24,28,0,64,1854,17347,0,354,8,2
2014-10-22,150343,7,14,26,31,32,0,51,1537,16148,0,490,12,2
2014-10-23,152344,1,15,16,21,32,1,38,1495,16078,17672,210,13,2
2014-10-24,159347,2,6,19,25,33,0,70,1828,18253,0,359,9,2
2014-10-25,159744,5,8,11,14,16,1,73,1995,19339,16539,102,9,2
2014-10-27,158144,1,9,18,20,29,0,63,1944,18178,0,395,9,2
2014-10-28,145610,2,4,20,23,31,1,45,1467,16224,16203,162,12,2
2014-10-29,144187,10,11,19,26,36,1,46,1571,15754,16295,159,11,2
2014-10-30,149370,2,4,5,16,23,0,53,1929,17326,0,440,8,2
2014-10-31,163123,10,26,27,31,34,0,37,1601,17486,0,734,13,2
2014-11-01,165593,11,27,30,35,36,0,33,1614,17472,0,844,12,2
2014-11-03,171862,1,12,22,29,32,2,66,1970,19313,9496,129,10,2
2014-11-04,152429,1,8,18,20,21,0,54,1795,17366,0,448,10,2
2014-11-05,148373,8,15,17,24,36,0,48,1577,16290,0,505,11,2
2014-11-06,156674,14,15,26,27,31,0,42,1414,16280,0,634,13,2
2014-11-07,163462,7,25,28,29,35,0,56,1931,18751,0,460,10,2
2014-11-08,165282,1,4,21,35,37,0,63,1815,18778,0,417,10,2
2014-11-10,167695,7,21,23,24,25,1,99,2097,19327,18145,82,9,2
2014-11-11,146380,4,17,24,27,30,0,54,1570,16008,0,445,11,2
2014-11-12,147274,10,20,21,26,33,1,46,1482,15873,16819,164,12,2
2014-11-13,152679,4,9,12,15,30,0,60,1783,17856,0,394,9,2
2014-11-14,159715,3,4,6,30,32,0,39,1597,17935,0,658,12,2
2014-11-15,164457,5,8,23,35,37,2,62,1956,19475,8688,126,9,2
2014-11-17,159937,7,9,22,29,36,0,66,1790,18640,0,376,10,2
2014-11-18,147364,13,19,25,26,36,1,48,1573,15770,16920,160,11,2
2014-11-19,149440,11,15,16,19,20,1,51,1749,17438,15997,141,10,2
2014-11-20,151979,8,16,30,34,36,1,51,1458,15428,18121,160,13,2
2014-11-21,162096,7,16,23,34,35,0,56,1701,17907,0,470,11,2
2014-11-22,161200,4,8,30,32,34,1,55,1752,17316,18456,151,11,2
2014-11-24,162279,2,13,25,30,34,0,44,1542,17679,0,606,12,2
2014-11-25,148626,4,11,23,24,26,0,50,1730,17258,0,464,10,2
2014-11-26,159737,4,18,21,29,31,0,56,1710,17360,0,469,11,2
2014-11-27,125394,3,18,19,30,36,0,31,1218,13519,0,670,12,2
2014-11-28,157272,2,7,15,18,35,0,49,1790,18221,0,502,10,2
2014-11-29,162457,2,8,22,25,28,0,58,1922,19095,0,432,9,2
2014-12-01,170572,8,11,16,20,31,0,45,1890,19068,0,610,10,2
2014-12-02,153320,4,10,13,18,34,0,53,1741,17522,0,457,11,2
2014-12-03,158677,21,23,28,32,34,0,64,1675,17212,0,409,11,2
2014-12-04,161054,1,9,11,15,17,0,66,2136,19941,0,358,8,2
2014-12-05,168171,1,2,27,34,35,0,44,1605,18353,0,627,12,2
2014-12-06,171644,3,12,15,18,25,1,70,2113,20311,18147,117,9,2
2014-12-08,166629,5,7,10,26,34,0,47,1905,19631,0,546,10,2
2014-12-09,152746,17,18,19,26,31,1,59,1648,16256,17610,134,11,2
2014-12-10,155871,1,9,19,20,28,1,56,1789,18391,16523,133,9,2
2014-12-11,158709,12,13,19,24,33,0,38,1851,18387,0,653,10,2
2014-12-12,166179,8,12,16,22,35,0,75,1904,19020,0,349,10,2
2014-12-13,169739,10,23,33,34,36,0,52,1878,18130,0,545,11,2
2014-12-15,168703,11,28,32,34,36,1,62,1859,17749,19614,143,11,2
2014-12-16,152969,5,14,24,28,37,1,60,1751,17588,16586,124,9,2
2014-12-17,154136,3,7,16,24,27,0,54,1932,18341,0,436,9,2
2014-12-18,158891,3,7,8,21,27,2,58,2235,20235,7824,121,7,2
2014-12-19,165070,3,4,21,27,31,0,52,1786,18752,0,504,11,2
2014-12-20,169338,2,13,18,27,32,0,54,1776,18728,0,509,11,2
2014-12-22,172536,4,8,23,25,36,0,56,1866,19192,0,498,11,2
2014-12-23,158341,2,8,11,14,27,1,92,1910,19020,16513,81,9,2
2014-12-24,169035,1,6,17,26,33,0,60,1853,18601,0,459,10,2
2014-12-25,122132,6,8,27,28,31,0,44,1276,14226,0,432,11,2
2014-12-26,162690,1,15,23,36,37,0,37,1744,17489,0,730,11,2
2014-12-27,158946,2,4,10,12,34,0,65,2142,19517,0,362,8,2
2014-12-29,164694,4,5,15,26,37,0,51,1752,18463,0,519,11,2
2014-12-30,155144,17,20,21,28,36,0,55,1544,16354,0,475,12,2
2014-12-31,173165,9,16,21,26,31,1,88,1786,18449,19948,102,12,2
